/*
 Navicat MySQL Data Transfer

 Source Server         : localhost
 Source Server Type    : MySQL
 Source Server Version : 100421
 Source Host           : localhost:3306
 Source Schema         : covid

 Target Server Type    : MySQL
 Target Server Version : 100421
 File Encoding         : 65001

 Date: 18/11/2021 13:27:09
*/

CREATE SCHEMA covid19;

USE covid19;

-- ----------------------------
-- Table structure for gemeente
-- ----------------------------
DROP TABLE IF EXISTS `gemeente`;
CREATE TABLE `gemeente`  (
  `det_id` int NOT NULL AUTO_INCREMENT,
  `det_niscode` int NOT NULL,
  `det_prv_id` int NULL DEFAULT NULL,
  `det_txt_nl` varchar(255) CHARACTER SET utf8mb4 COLLATE utf8mb4_general_ci NULL DEFAULT NULL,
  `det_txt_fr` varchar(255) CHARACTER SET utf8mb4 COLLATE utf8mb4_general_ci NULL DEFAULT NULL,
  `det_cases` int NULL DEFAULT NULL,
  PRIMARY KEY (`det_id`) USING BTREE
) ENGINE = InnoDB AUTO_INCREMENT = 582 CHARACTER SET = utf8mb4 COLLATE = utf8mb4_general_ci ROW_FORMAT = Dynamic;

-- ----------------------------
-- Records of gemeente
-- ----------------------------
INSERT INTO `gemeente` VALUES (1, 11001, 1, 'Aartselaar', 'Aartselaar', 1542);
INSERT INTO `gemeente` VALUES (2, 11002, 1, 'Antwerpen', 'Anvers', 73176);
INSERT INTO `gemeente` VALUES (3, 11004, 1, 'Boechout', 'Boechout', 1385);
INSERT INTO `gemeente` VALUES (4, 11005, 1, 'Boom', 'Boom', 2213);
INSERT INTO `gemeente` VALUES (5, 11007, 1, 'Borsbeek', 'Borsbeek', 1392);
INSERT INTO `gemeente` VALUES (6, 11008, 1, 'Brasschaat', 'Brasschaat', 3578);
INSERT INTO `gemeente` VALUES (7, 11009, 1, 'Brecht', 'Brecht', 2902);
INSERT INTO `gemeente` VALUES (8, 11013, 1, 'Edegem', 'Edegem', 2380);
INSERT INTO `gemeente` VALUES (9, 11016, 1, 'Essen', 'Essen', 1978);
INSERT INTO `gemeente` VALUES (10, 11018, 1, 'Hemiksem', 'Hemiksem', 1395);
INSERT INTO `gemeente` VALUES (11, 11021, 1, 'Hove (Antwerpen)', 'Hove (Anvers)', 793);
INSERT INTO `gemeente` VALUES (12, 11022, 1, 'Kalmthout', 'Kalmthout', 1671);
INSERT INTO `gemeente` VALUES (13, 11023, 1, 'Kapellen (Antwerpen)', 'Kapellen (Anvers)', 2654);
INSERT INTO `gemeente` VALUES (14, 11024, 1, 'Kontich', 'Kontich', 2078);
INSERT INTO `gemeente` VALUES (15, 11025, 1, 'Lint', 'Lint', 795);
INSERT INTO `gemeente` VALUES (16, 11029, 1, 'Mortsel', 'Mortsel', 2862);
INSERT INTO `gemeente` VALUES (17, 11030, 1, 'Niel', 'Niel', 1105);
INSERT INTO `gemeente` VALUES (18, 11035, 1, 'Ranst', 'Ranst', 1899);
INSERT INTO `gemeente` VALUES (19, 11037, 1, 'Rumst', 'Rumst', 1471);
INSERT INTO `gemeente` VALUES (20, 11038, 1, 'Schelle', 'Schelle', 878);
INSERT INTO `gemeente` VALUES (21, 11039, 1, 'Schilde', 'Schilde', 2001);
INSERT INTO `gemeente` VALUES (22, 11040, 1, 'Schoten', 'Schoten', 3417);
INSERT INTO `gemeente` VALUES (23, 11044, 1, 'Stabroek', 'Stabroek', 1799);
INSERT INTO `gemeente` VALUES (24, 11050, 1, 'Wijnegem', 'Wijnegem', 1149);
INSERT INTO `gemeente` VALUES (25, 11052, 1, 'Wommelgem', 'Wommelgem', 1524);
INSERT INTO `gemeente` VALUES (26, 11053, 1, 'Wuustwezel', 'Wuustwezel', 2333);
INSERT INTO `gemeente` VALUES (27, 11054, 1, 'Zandhoven', 'Zandhoven', 1250);
INSERT INTO `gemeente` VALUES (28, 11055, 1, 'Zoersel', 'Zoersel', 2298);
INSERT INTO `gemeente` VALUES (29, 11056, 1, 'Zwijndrecht', 'Zwijndrecht', 2075);
INSERT INTO `gemeente` VALUES (30, 11057, 1, 'Malle', 'Malle', 1691);
INSERT INTO `gemeente` VALUES (31, 12002, 1, 'Berlaar', 'Berlaar', 966);
INSERT INTO `gemeente` VALUES (32, 12005, 1, 'Bonheiden', 'Bonheiden', 1353);
INSERT INTO `gemeente` VALUES (33, 12007, 1, 'Bornem', 'Bornem', 1916);
INSERT INTO `gemeente` VALUES (34, 12009, 1, 'Duffel', 'Duffel', 1852);
INSERT INTO `gemeente` VALUES (35, 12014, 1, 'Heist-op-den-Berg', 'Heist-op-den-Berg', 3904);
INSERT INTO `gemeente` VALUES (36, 12021, 1, 'Lier', 'Lierre', 3985);
INSERT INTO `gemeente` VALUES (37, 12025, 1, 'Mechelen', 'Malines', 9508);
INSERT INTO `gemeente` VALUES (38, 12026, 1, 'Nijlen', 'Nijlen', 2268);
INSERT INTO `gemeente` VALUES (39, 12029, 1, 'Putte', 'Putte', 1554);
INSERT INTO `gemeente` VALUES (40, 12035, 1, 'Sint-Katelijne-Waver', 'Sint-Katelijne-Waver', 2032);
INSERT INTO `gemeente` VALUES (41, 12040, 1, 'Willebroek', 'Willebroek', 3181);
INSERT INTO `gemeente` VALUES (42, 12041, 1, 'Puurs-Sint-Amands', 'Puurs-Sint-Amands', 2447);
INSERT INTO `gemeente` VALUES (43, 13001, 1, 'Arendonk', 'Arendonk', 1791);
INSERT INTO `gemeente` VALUES (44, 13002, 1, 'Baarle-Hertog', 'Baerle-Duc', 297);
INSERT INTO `gemeente` VALUES (45, 13003, 1, 'Balen', 'Balen', 2180);
INSERT INTO `gemeente` VALUES (46, 13004, 1, 'Beerse', 'Beerse', 2111);
INSERT INTO `gemeente` VALUES (47, 13006, 1, 'Dessel', 'Dessel', 1006);
INSERT INTO `gemeente` VALUES (48, 13008, 1, 'Geel', 'Geel', 3920);
INSERT INTO `gemeente` VALUES (49, 13010, 1, 'Grobbendonk', 'Grobbendonk', 864);
INSERT INTO `gemeente` VALUES (50, 13011, 1, 'Herentals', 'Herentals', 2666);
INSERT INTO `gemeente` VALUES (51, 13012, 1, 'Herenthout', 'Herenthout', 914);
INSERT INTO `gemeente` VALUES (52, 13013, 1, 'Herselt', 'Herselt', 1106);
INSERT INTO `gemeente` VALUES (53, 13014, 1, 'Hoogstraten', 'Hoogstraten', 2801);
INSERT INTO `gemeente` VALUES (54, 13016, 1, 'Hulshout', 'Hulshout', 780);
INSERT INTO `gemeente` VALUES (55, 13017, 1, 'Kasterlee', 'Kasterlee', 1866);
INSERT INTO `gemeente` VALUES (56, 13019, 1, 'Lille', 'Lille', 1686);
INSERT INTO `gemeente` VALUES (57, 13021, 1, 'Meerhout', 'Meerhout', 939);
INSERT INTO `gemeente` VALUES (58, 13023, 1, 'Merksplas', 'Merksplas', 1170);
INSERT INTO `gemeente` VALUES (59, 13025, 1, 'Mol', 'Mol', 3810);
INSERT INTO `gemeente` VALUES (60, 13029, 1, 'Olen', 'Olen', 1309);
INSERT INTO `gemeente` VALUES (61, 13031, 1, 'Oud-Turnhout', 'Oud-Turnhout', 1399);
INSERT INTO `gemeente` VALUES (62, 13035, 1, 'Ravels', 'Ravels', 1427);
INSERT INTO `gemeente` VALUES (63, 13036, 1, 'Retie', 'Retie', 1269);
INSERT INTO `gemeente` VALUES (64, 13037, 1, 'Rijkevorsel', 'Rijkevorsel', 1663);
INSERT INTO `gemeente` VALUES (65, 13040, 1, 'Turnhout', 'Turnhout', 5271);
INSERT INTO `gemeente` VALUES (66, 13044, 1, 'Vorselaar', 'Vorselaar', 589);
INSERT INTO `gemeente` VALUES (67, 13046, 1, 'Vosselaar', 'Vosselaar', 1076);
INSERT INTO `gemeente` VALUES (68, 13049, 1, 'Westerlo', 'Westerlo', 2181);
INSERT INTO `gemeente` VALUES (69, 13053, 1, 'Laakdal', 'Laakdal', 1392);
INSERT INTO `gemeente` VALUES (70, 21001, 2, 'Anderlecht', 'Anderlecht', 20493);
INSERT INTO `gemeente` VALUES (71, 21002, 2, 'Oudergem', 'Auderghem', 4806);
INSERT INTO `gemeente` VALUES (72, 21003, 2, 'Sint-Agatha-Berchem', 'Berchem-Sainte-Agathe', 4339);
INSERT INTO `gemeente` VALUES (73, 21004, 2, 'Brussel', 'Bruxelles', 29707);
INSERT INTO `gemeente` VALUES (74, 21005, 2, 'Etterbeek', 'Etterbeek', 7250);
INSERT INTO `gemeente` VALUES (75, 21006, 2, 'Evere', 'Evere', 6939);
INSERT INTO `gemeente` VALUES (76, 21007, 2, 'Vorst (Brussel-Hoofdstad)', 'Forest (Bruxelles-Capitale)', 9418);
INSERT INTO `gemeente` VALUES (77, 21008, 2, 'Ganshoren', 'Ganshoren', 4218);
INSERT INTO `gemeente` VALUES (78, 21009, 2, 'Elsene', 'Ixelles', 12870);
INSERT INTO `gemeente` VALUES (79, 21010, 2, 'Jette', 'Jette', 8743);
INSERT INTO `gemeente` VALUES (80, 21011, 2, 'Koekelberg', 'Koekelberg', 3645);
INSERT INTO `gemeente` VALUES (81, 21012, 2, 'Sint-Jans-Molenbeek', 'Molenbeek-Saint-Jean', 17759);
INSERT INTO `gemeente` VALUES (82, 21013, 2, 'Sint-Gillis', 'Saint-Gilles', 8152);
INSERT INTO `gemeente` VALUES (83, 21014, 2, 'Sint-Joost-ten-Node', 'Saint-Josse-ten-Noode', 4637);
INSERT INTO `gemeente` VALUES (84, 21015, 2, 'Schaarbeek', 'Schaerbeek', 22516);
INSERT INTO `gemeente` VALUES (85, 21016, 2, 'Ukkel', 'Uccle', 12439);
INSERT INTO `gemeente` VALUES (86, 21017, 2, 'Watermaal-Bosvoorde', 'Watermael-Boitsfort', 3712);
INSERT INTO `gemeente` VALUES (87, 21018, 2, 'Sint-Lambrechts-Woluwe', 'Woluwe-Saint-Lambert', 8073);
INSERT INTO `gemeente` VALUES (88, 21019, 2, 'Sint-Pieters-Woluwe', 'Woluwe-Saint-Pierre', 5632);
INSERT INTO `gemeente` VALUES (89, 23002, 3, 'Asse', 'Asse', 4695);
INSERT INTO `gemeente` VALUES (90, 23003, 3, 'Beersel', 'Beersel', 3416);
INSERT INTO `gemeente` VALUES (91, 23009, 3, 'Bever', 'Biévène', 217);
INSERT INTO `gemeente` VALUES (92, 23016, 3, 'Dilbeek', 'Dilbeek', 6344);
INSERT INTO `gemeente` VALUES (93, 23023, 3, 'Galmaarden', 'Gammerages', 983);
INSERT INTO `gemeente` VALUES (94, 23024, 3, 'Gooik', 'Gooik', 1025);
INSERT INTO `gemeente` VALUES (95, 23025, 3, 'Grimbergen', 'Grimbergen', 5166);
INSERT INTO `gemeente` VALUES (96, 23027, 3, 'Halle (Halle-Vilvoorde)', 'Hal (Hal-Vilvorde)', 4840);
INSERT INTO `gemeente` VALUES (97, 23032, 3, 'Herne', 'Herne', 710);
INSERT INTO `gemeente` VALUES (98, 23033, 3, 'Hoeilaart', 'Hoeilaart', 1461);
INSERT INTO `gemeente` VALUES (99, 23038, 3, 'Kampenhout', 'Kampenhout', 1078);
INSERT INTO `gemeente` VALUES (100, 23039, 3, 'Kapelle-op-den-Bos', 'Kapelle-op-den-Bos', 971);
INSERT INTO `gemeente` VALUES (101, 23044, 3, 'Liedekerke', 'Liedekerke', 1716);
INSERT INTO `gemeente` VALUES (102, 23045, 3, 'Londerzeel', 'Londerzeel', 1911);
INSERT INTO `gemeente` VALUES (103, 23047, 3, 'Machelen (Halle-Vilvoorde)', 'Machelen (Hal-Vilvorde)', 2839);
INSERT INTO `gemeente` VALUES (104, 23050, 3, 'Meise', 'Meise', 2308);
INSERT INTO `gemeente` VALUES (105, 23052, 3, 'Merchtem', 'Merchtem', 1970);
INSERT INTO `gemeente` VALUES (106, 23060, 3, 'Opwijk', 'Opwijk', 1553);
INSERT INTO `gemeente` VALUES (107, 23062, 3, 'Overijse', 'Overijse', 3014);
INSERT INTO `gemeente` VALUES (108, 23064, 3, 'Pepingen', 'Pepingen', 501);
INSERT INTO `gemeente` VALUES (109, 23077, 3, 'Sint-Pieters-Leeuw', 'Sint-Pieters-Leeuw', 5398);
INSERT INTO `gemeente` VALUES (110, 23081, 3, 'Steenokkerzeel', 'Steenokkerzeel', 1401);
INSERT INTO `gemeente` VALUES (111, 23086, 3, 'Ternat', 'Ternat', 2087);
INSERT INTO `gemeente` VALUES (112, 23088, 3, 'Vilvoorde', 'Vilvorde', 7104);
INSERT INTO `gemeente` VALUES (113, 23094, 3, 'Zaventem', 'Zaventem', 4645);
INSERT INTO `gemeente` VALUES (114, 23096, 3, 'Zemst', 'Zemst', 2285);
INSERT INTO `gemeente` VALUES (115, 23097, 3, 'Roosdaal', 'Roosdaal', 1398);
INSERT INTO `gemeente` VALUES (116, 23098, 3, 'Drogenbos', 'Drogenbos', 932);
INSERT INTO `gemeente` VALUES (117, 23099, 3, 'Kraainem', 'Kraainem', 1934);
INSERT INTO `gemeente` VALUES (118, 23100, 3, 'Linkebeek', 'Linkebeek', 722);
INSERT INTO `gemeente` VALUES (119, 23101, 3, 'Sint-Genesius-Rode', 'Rhode-Saint-Genèse', 2725);
INSERT INTO `gemeente` VALUES (120, 23102, 3, 'Wemmel', 'Wemmel', 2722);
INSERT INTO `gemeente` VALUES (121, 23103, 3, 'Wezembeek-Oppem', 'Wezembeek-Oppem', 2113);
INSERT INTO `gemeente` VALUES (122, 23104, 3, 'Lennik', 'Lennik', 1194);
INSERT INTO `gemeente` VALUES (123, 23105, 3, 'Affligem', 'Affligem', 1585);
INSERT INTO `gemeente` VALUES (124, 24001, 3, 'Aarschot', 'Aarschot', 2058);
INSERT INTO `gemeente` VALUES (125, 24007, 3, 'Begijnendijk', 'Begijnendijk', 723);
INSERT INTO `gemeente` VALUES (126, 24008, 3, 'Bekkevoort', 'Bekkevoort', 507);
INSERT INTO `gemeente` VALUES (127, 24009, 3, 'Bertem', 'Bertem', 851);
INSERT INTO `gemeente` VALUES (128, 24011, 3, 'Bierbeek', 'Bierbeek', 652);
INSERT INTO `gemeente` VALUES (129, 24014, 3, 'Boortmeerbeek', 'Boortmeerbeek', 847);
INSERT INTO `gemeente` VALUES (130, 24016, 3, 'Boutersem', 'Boutersem', 611);
INSERT INTO `gemeente` VALUES (131, 24020, 3, 'Diest', 'Diest', 1986);
INSERT INTO `gemeente` VALUES (132, 24028, 3, 'Geetbets', 'Geetbets', 558);
INSERT INTO `gemeente` VALUES (133, 24033, 3, 'Haacht', 'Haacht', 1136);
INSERT INTO `gemeente` VALUES (134, 24038, 3, 'Herent', 'Herent', 1652);
INSERT INTO `gemeente` VALUES (135, 24041, 3, 'Hoegaarden', 'Hoegaarden', 497);
INSERT INTO `gemeente` VALUES (136, 24043, 3, 'Holsbeek', 'Holsbeek', 746);
INSERT INTO `gemeente` VALUES (137, 24045, 3, 'Huldenberg', 'Huldenberg', 857);
INSERT INTO `gemeente` VALUES (138, 24048, 3, 'Keerbergen', 'Keerbergen', 1087);
INSERT INTO `gemeente` VALUES (139, 24054, 3, 'Kortenaken', 'Kortenaken', 617);
INSERT INTO `gemeente` VALUES (140, 24055, 3, 'Kortenberg', 'Kortenberg', 2088);
INSERT INTO `gemeente` VALUES (141, 24059, 3, 'Landen', 'Landen', 1596);
INSERT INTO `gemeente` VALUES (142, 24062, 3, 'Leuven', 'Louvain', 8064);
INSERT INTO `gemeente` VALUES (143, 24066, 3, 'Lubbeek', 'Lubbeek', 1180);
INSERT INTO `gemeente` VALUES (144, 24086, 3, 'Oud-Heverlee', 'Oud-Heverlee', 820);
INSERT INTO `gemeente` VALUES (145, 24094, 3, 'Rotselaar', 'Rotselaar', 1282);
INSERT INTO `gemeente` VALUES (146, 24104, 3, 'Tervuren', 'Tervuren', 2233);
INSERT INTO `gemeente` VALUES (147, 24107, 3, 'Tienen', 'Tirlemont', 3049);
INSERT INTO `gemeente` VALUES (148, 24109, 3, 'Tremelo', 'Tremelo', 1078);
INSERT INTO `gemeente` VALUES (149, 24130, 3, 'Zoutleeuw', 'Léau', 770);
INSERT INTO `gemeente` VALUES (150, 24133, 3, 'Linter', 'Linter', 465);
INSERT INTO `gemeente` VALUES (151, 24134, 3, 'Scherpenheuvel-Zichem', 'Montaigu-Zichem', 1853);
INSERT INTO `gemeente` VALUES (152, 24135, 3, 'Tielt-Winge', 'Tielt-Winge', 702);
INSERT INTO `gemeente` VALUES (153, 24137, 3, 'Glabbeek', 'Glabbeek', 358);
INSERT INTO `gemeente` VALUES (154, 25005, 4, 'Bevekom', 'Beauvechain', 934);
INSERT INTO `gemeente` VALUES (155, 25014, 4, 'Eigenbrakel', 'Braine-l\'Alleud', 5359);
INSERT INTO `gemeente` VALUES (156, 25015, 4, 'Kasteelbrakel', 'Braine-le-Château', 1484);
INSERT INTO `gemeente` VALUES (157, 25018, 4, 'Chaumont-Gistoux', 'Chaumont-Gistoux', 1671);
INSERT INTO `gemeente` VALUES (158, 25023, 4, 'Court-Saint-Etienne', 'Court-Saint-Etienne', 1605);
INSERT INTO `gemeente` VALUES (159, 25031, 4, 'Genepièn', 'Genappe', 2414);
INSERT INTO `gemeente` VALUES (160, 25037, 4, 'Graven', 'Grez-Doiceau', 2136);
INSERT INTO `gemeente` VALUES (161, 25043, 4, 'Incourt', 'Incourt', 929);
INSERT INTO `gemeente` VALUES (162, 25044, 4, 'Itter', 'Ittre', 1064);
INSERT INTO `gemeente` VALUES (163, 25048, 4, 'Geldenaken', 'Jodoigne', 2097);
INSERT INTO `gemeente` VALUES (164, 25050, 4, 'Terhulpen', 'La Hulpe', 1104);
INSERT INTO `gemeente` VALUES (165, 25068, 4, 'Mont-Saint-Guibert', 'Mont-Saint-Guibert', 1365);
INSERT INTO `gemeente` VALUES (166, 25072, 4, 'Nijvel', 'Nivelles', 4044);
INSERT INTO `gemeente` VALUES (167, 25084, 4, 'Perwijs (Nijvel)', 'Perwez (Nivelles)', 1492);
INSERT INTO `gemeente` VALUES (168, 25091, 4, 'Rixensart', 'Rixensart', 3416);
INSERT INTO `gemeente` VALUES (169, 25105, 4, 'Tubeke', 'Tubize', 3996);
INSERT INTO `gemeente` VALUES (170, 25107, 4, 'Villers-la-Ville', 'Villers-la-Ville', 1767);
INSERT INTO `gemeente` VALUES (171, 25110, 4, 'Waterloo', 'Waterloo', 4076);
INSERT INTO `gemeente` VALUES (172, 25112, 4, 'Waver', 'Wavre', 4889);
INSERT INTO `gemeente` VALUES (173, 25117, 4, 'Chastre', 'Chastre', 1254);
INSERT INTO `gemeente` VALUES (174, 25118, 4, 'Hélécine', 'Hélécine', 476);
INSERT INTO `gemeente` VALUES (175, 25119, 4, 'Lasne', 'Lasne', 2363);
INSERT INTO `gemeente` VALUES (176, 25120, 4, 'Orp-Jauche', 'Orp-Jauche', 1213);
INSERT INTO `gemeente` VALUES (177, 25121, 4, 'Ottignies-Louvain-la-Neuve', 'Ottignies-Louvain-la-Neuve', 4709);
INSERT INTO `gemeente` VALUES (178, 25122, 4, 'Ramillies', 'Ramillies', 1022);
INSERT INTO `gemeente` VALUES (179, 25123, 4, 'Rebecq', 'Rebecq', 1201);
INSERT INTO `gemeente` VALUES (180, 25124, 4, 'Walhain', 'Walhain', 1314);
INSERT INTO `gemeente` VALUES (181, 31003, 5, 'Beernem', 'Beernem', 1602);
INSERT INTO `gemeente` VALUES (182, 31004, 5, 'Blankenberge', 'Blankenberge', 1693);
INSERT INTO `gemeente` VALUES (183, 31005, 5, 'Brugge', 'Bruges', 11351);
INSERT INTO `gemeente` VALUES (184, 31006, 5, 'Damme', 'Damme', 921);
INSERT INTO `gemeente` VALUES (185, 31012, 5, 'Jabbeke', 'Jabbeke', 1499);
INSERT INTO `gemeente` VALUES (186, 31022, 5, 'Oostkamp', 'Oostkamp', 2445);
INSERT INTO `gemeente` VALUES (187, 31033, 5, 'Torhout', 'Torhout', 2576);
INSERT INTO `gemeente` VALUES (188, 31040, 5, 'Zedelgem', 'Zedelgem', 2351);
INSERT INTO `gemeente` VALUES (189, 31042, 5, 'Zuienkerke', 'Zuienkerke', 223);
INSERT INTO `gemeente` VALUES (190, 31043, 5, 'Knokke-Heist', 'Knokke-Heist', 3046);
INSERT INTO `gemeente` VALUES (191, 32003, 5, 'Diksmuide', 'Dixmude', 1973);
INSERT INTO `gemeente` VALUES (192, 32006, 5, 'Houthulst', 'Houthulst', 1422);
INSERT INTO `gemeente` VALUES (193, 32010, 5, 'Koekelare', 'Koekelare', 1231);
INSERT INTO `gemeente` VALUES (194, 32011, 5, 'Kortemark', 'Kortemark', 1708);
INSERT INTO `gemeente` VALUES (195, 32030, 5, 'Lo-Reninge', 'Lo-Reninge', 358);
INSERT INTO `gemeente` VALUES (196, 33011, 5, 'Ieper', 'Ypres', 3766);
INSERT INTO `gemeente` VALUES (197, 33016, 5, 'Mesen', 'Messines', 124);
INSERT INTO `gemeente` VALUES (198, 33021, 5, 'Poperinge', 'Poperinge', 2402);
INSERT INTO `gemeente` VALUES (199, 33029, 5, 'Wervik', 'Wervik', 2535);
INSERT INTO `gemeente` VALUES (200, 33037, 5, 'Zonnebeke', 'Zonnebeke', 1425);
INSERT INTO `gemeente` VALUES (201, 33039, 5, 'Heuvelland', 'Heuvelland', 896);
INSERT INTO `gemeente` VALUES (202, 33040, 5, 'Langemark-Poelkapelle', 'Langemark-Poelkapelle', 973);
INSERT INTO `gemeente` VALUES (203, 33041, 5, 'Vleteren', 'Vleteren', 357);
INSERT INTO `gemeente` VALUES (204, 34002, 5, 'Anzegem', 'Anzegem', 2254);
INSERT INTO `gemeente` VALUES (205, 34003, 5, 'Avelgem', 'Avelgem', 1237);
INSERT INTO `gemeente` VALUES (206, 34009, 5, 'Deerlijk', 'Deerlijk', 1956);
INSERT INTO `gemeente` VALUES (207, 34013, 5, 'Harelbeke', 'Harelbeke', 3409);
INSERT INTO `gemeente` VALUES (208, 34022, 5, 'Kortrijk', 'Courtrai', 9520);
INSERT INTO `gemeente` VALUES (209, 34023, 5, 'Kuurne', 'Kuurne', 1562);
INSERT INTO `gemeente` VALUES (210, 34025, 5, 'Lendelede', 'Lendelede', 762);
INSERT INTO `gemeente` VALUES (211, 34027, 5, 'Menen', 'Menin', 5535);
INSERT INTO `gemeente` VALUES (212, 34040, 5, 'Waregem', 'Waregem', 5768);
INSERT INTO `gemeente` VALUES (213, 34041, 5, 'Wevelgem', 'Wevelgem', 4553);
INSERT INTO `gemeente` VALUES (214, 34042, 5, 'Zwevegem', 'Zwevegem', 2989);
INSERT INTO `gemeente` VALUES (215, 34043, 5, 'Spiere-Helkijn', 'Espierres-Helchin', 281);
INSERT INTO `gemeente` VALUES (216, 35002, 5, 'Bredene', 'Bredene', 1734);
INSERT INTO `gemeente` VALUES (217, 35005, 5, 'Gistel', 'Gistel', 1233);
INSERT INTO `gemeente` VALUES (218, 35006, 5, 'Ichtegem', 'Ichtegem', 1640);
INSERT INTO `gemeente` VALUES (219, 35011, 5, 'Middelkerke', 'Middelkerke', 1798);
INSERT INTO `gemeente` VALUES (220, 35013, 5, 'Oostende', 'Ostende', 7596);
INSERT INTO `gemeente` VALUES (221, 35014, 5, 'Oudenburg', 'Oudenburg', 917);
INSERT INTO `gemeente` VALUES (222, 35029, 5, 'De Haan', 'De Haan', 1014);
INSERT INTO `gemeente` VALUES (223, 36006, 5, 'Hooglede', 'Hooglede', 1591);
INSERT INTO `gemeente` VALUES (224, 36007, 5, 'Ingelmunster', 'Ingelmunster', 1558);
INSERT INTO `gemeente` VALUES (225, 36008, 5, 'Izegem', 'Izegem', 3825);
INSERT INTO `gemeente` VALUES (226, 36010, 5, 'Ledegem', 'Ledegem', 1495);
INSERT INTO `gemeente` VALUES (227, 36011, 5, 'Lichtervelde', 'Lichtervelde', 1134);
INSERT INTO `gemeente` VALUES (228, 36012, 5, 'Moorslede', 'Moorslede', 1711);
INSERT INTO `gemeente` VALUES (229, 36015, 5, 'Roeselare', 'Roulers', 9362);
INSERT INTO `gemeente` VALUES (230, 36019, 5, 'Staden', 'Staden', 1957);
INSERT INTO `gemeente` VALUES (231, 37002, 5, 'Dentergem', 'Dentergem', 1279);
INSERT INTO `gemeente` VALUES (232, 37007, 5, 'Meulebeke', 'Meulebeke', 1684);
INSERT INTO `gemeente` VALUES (233, 37010, 5, 'Oostrozebeke', 'Oostrozebeke', 1261);
INSERT INTO `gemeente` VALUES (234, 37011, 5, 'Pittem', 'Pittem', 971);
INSERT INTO `gemeente` VALUES (235, 37012, 5, 'Ruiselede', 'Ruiselede', 659);
INSERT INTO `gemeente` VALUES (236, 37015, 5, 'Tielt (Tielt)', 'Tielt (Tielt)', 2953);
INSERT INTO `gemeente` VALUES (237, 37017, 5, 'Wielsbeke', 'Wielsbeke', 1431);
INSERT INTO `gemeente` VALUES (238, 37018, 5, 'Wingene', 'Wingene', 1921);
INSERT INTO `gemeente` VALUES (239, 37020, 5, 'Ardooie', 'Ardooie', 1462);
INSERT INTO `gemeente` VALUES (240, 38002, 5, 'Alveringem', 'Alveringem', 484);
INSERT INTO `gemeente` VALUES (241, 38008, 5, 'De Panne', 'La Panne', 774);
INSERT INTO `gemeente` VALUES (242, 38014, 5, 'Koksijde', 'Koksijde', 1507);
INSERT INTO `gemeente` VALUES (243, 38016, 5, 'Nieuwpoort', 'Nieuport', 997);
INSERT INTO `gemeente` VALUES (244, 38025, 5, 'Veurne', 'Furnes', 1059);
INSERT INTO `gemeente` VALUES (245, 41002, 6, 'Aalst (Aalst)', 'Alost (Alost)', 10702);
INSERT INTO `gemeente` VALUES (246, 41011, 6, 'Denderleeuw', 'Denderleeuw', 2581);
INSERT INTO `gemeente` VALUES (247, 41018, 6, 'Geraardsbergen', 'Grammont', 3995);
INSERT INTO `gemeente` VALUES (248, 41024, 6, 'Haaltert', 'Haaltert', 2234);
INSERT INTO `gemeente` VALUES (249, 41027, 6, 'Herzele', 'Herzele', 2072);
INSERT INTO `gemeente` VALUES (250, 41034, 6, 'Lede', 'Lede', 2137);
INSERT INTO `gemeente` VALUES (251, 41048, 6, 'Ninove', 'Ninove', 4702);
INSERT INTO `gemeente` VALUES (252, 41063, 6, 'Sint-Lievens-Houtem', 'Sint-Lievens-Houtem', 1196);
INSERT INTO `gemeente` VALUES (253, 41081, 6, 'Zottegem', 'Zottegem', 2851);
INSERT INTO `gemeente` VALUES (254, 41082, 6, 'Erpe-Mere', 'Erpe-Mere', 2408);
INSERT INTO `gemeente` VALUES (255, 42003, 6, 'Berlare', 'Berlare', 1720);
INSERT INTO `gemeente` VALUES (256, 42004, 6, 'Buggenhout', 'Buggenhout', 1316);
INSERT INTO `gemeente` VALUES (257, 42006, 6, 'Dendermonde', 'Termonde', 5638);
INSERT INTO `gemeente` VALUES (258, 42008, 6, 'Hamme (Dendermonde)', 'Hamme (Termonde)', 2866);
INSERT INTO `gemeente` VALUES (259, 42010, 6, 'Laarne', 'Laarne', 1376);
INSERT INTO `gemeente` VALUES (260, 42011, 6, 'Lebbeke', 'Lebbeke', 2046);
INSERT INTO `gemeente` VALUES (261, 42023, 6, 'Waasmunster', 'Waasmunster', 1166);
INSERT INTO `gemeente` VALUES (262, 42025, 6, 'Wetteren', 'Wetteren', 2857);
INSERT INTO `gemeente` VALUES (263, 42026, 6, 'Wichelen', 'Wichelen', 1215);
INSERT INTO `gemeente` VALUES (264, 42028, 6, 'Zele', 'Zele', 3092);
INSERT INTO `gemeente` VALUES (265, 43002, 6, 'Assenede', 'Assenede', 1288);
INSERT INTO `gemeente` VALUES (266, 43005, 6, 'Eeklo', 'Eeklo', 1832);
INSERT INTO `gemeente` VALUES (267, 43007, 6, 'Kaprijke', 'Kaprijke', 513);
INSERT INTO `gemeente` VALUES (268, 43010, 6, 'Maldegem', 'Maldegem', 2186);
INSERT INTO `gemeente` VALUES (269, 43014, 6, 'Sint-Laureins', 'Sint-Laureins', 535);
INSERT INTO `gemeente` VALUES (270, 43018, 6, 'Zelzate', 'Zelzate', 1347);
INSERT INTO `gemeente` VALUES (271, 44012, 6, 'De Pinte', 'De Pinte', 1001);
INSERT INTO `gemeente` VALUES (272, 44013, 6, 'Destelbergen', 'Destelbergen', 1842);
INSERT INTO `gemeente` VALUES (273, 44019, 6, 'Evergem', 'Evergem', 3642);
INSERT INTO `gemeente` VALUES (274, 44020, 6, 'Gavere', 'Gavere', 1425);
INSERT INTO `gemeente` VALUES (275, 44021, 6, 'Gent', 'Gand', 30207);
INSERT INTO `gemeente` VALUES (276, 44034, 6, 'Lochristi', 'Lochristi', 2414);
INSERT INTO `gemeente` VALUES (277, 44040, 6, 'Melle', 'Melle', 1324);
INSERT INTO `gemeente` VALUES (278, 44043, 6, 'Merelbeke', 'Merelbeke', 2612);
INSERT INTO `gemeente` VALUES (279, 44045, 6, 'Moerbeke (Gent)', 'Moerbeke (Gand)', 627);
INSERT INTO `gemeente` VALUES (280, 44048, 6, 'Nazareth', 'Nazareth', 1320);
INSERT INTO `gemeente` VALUES (281, 44052, 6, 'Oosterzele', 'Oosterzele', 1356);
INSERT INTO `gemeente` VALUES (282, 44064, 6, 'Sint-Martens-Latem', 'Sint-Martens-Latem', 908);
INSERT INTO `gemeente` VALUES (283, 44073, 6, 'Wachtebeke', 'Wachtebeke', 876);
INSERT INTO `gemeente` VALUES (284, 44081, 6, 'Zulte', 'Zulte', 2263);
INSERT INTO `gemeente` VALUES (285, 44083, 6, 'Deinze', 'Deinze', 4899);
INSERT INTO `gemeente` VALUES (286, 44084, 6, 'Aalter', 'Aalter', 2897);
INSERT INTO `gemeente` VALUES (287, 44085, 6, 'Lievegem', 'Lievegem', 2387);
INSERT INTO `gemeente` VALUES (288, 45035, 6, 'Oudenaarde', 'Audenarde', 3261);
INSERT INTO `gemeente` VALUES (289, 45041, 6, 'Ronse', 'Renaix', 3383);
INSERT INTO `gemeente` VALUES (290, 45059, 6, 'Brakel', 'Brakel', 1566);
INSERT INTO `gemeente` VALUES (291, 45060, 6, 'Kluisbergen', 'Kluisbergen', 794);
INSERT INTO `gemeente` VALUES (292, 45061, 6, 'Wortegem-Petegem', 'Wortegem-Petegem', 790);
INSERT INTO `gemeente` VALUES (293, 45062, 6, 'Horebeke', 'Horebeke', 215);
INSERT INTO `gemeente` VALUES (294, 45063, 6, 'Lierde', 'Lierde', 724);
INSERT INTO `gemeente` VALUES (295, 45064, 6, 'Maarkedal', 'Maarkedal', 756);
INSERT INTO `gemeente` VALUES (296, 45065, 6, 'Zwalm', 'Zwalin', 961);
INSERT INTO `gemeente` VALUES (297, 45068, 6, 'Kruisem', 'Kruisem', 1768);
INSERT INTO `gemeente` VALUES (298, 46003, 6, 'Beveren (Sint-Niklaas)', 'Beveren (Saint-Nicolas)', 5687);
INSERT INTO `gemeente` VALUES (299, 46013, 6, 'Kruibeke', 'Kruibeke', 1916);
INSERT INTO `gemeente` VALUES (300, 46014, 6, 'Lokeren', 'Lokeren', 5527);
INSERT INTO `gemeente` VALUES (301, 46020, 6, 'Sint-Gillis-Waas', 'Sint-Gillis-Waas', 2217);
INSERT INTO `gemeente` VALUES (302, 46021, 6, 'Sint-Niklaas (Sint-Niklaas)', 'Saint-Nicolas (Saint-Nicolas)', 9907);
INSERT INTO `gemeente` VALUES (303, 46024, 6, 'Stekene', 'Stekene', 2065);
INSERT INTO `gemeente` VALUES (304, 46025, 6, 'Temse', 'Tamise', 3645);
INSERT INTO `gemeente` VALUES (305, 51004, 7, 'Aat', 'Ath', 3492);
INSERT INTO `gemeente` VALUES (306, 51008, 7, 'Beloeil', 'Beloeil', 1911);
INSERT INTO `gemeente` VALUES (307, 51009, 7, 'Bernissart', 'Bernissart', 1538);
INSERT INTO `gemeente` VALUES (308, 51012, 7, 'Brugelette', 'Brugelette', 366);
INSERT INTO `gemeente` VALUES (309, 51014, 7, 'Chièvres', 'Chièvres', 925);
INSERT INTO `gemeente` VALUES (310, 51017, 7, 'Elzele', 'Ellezelles', 698);
INSERT INTO `gemeente` VALUES (311, 51019, 7, 'Vloesberg', 'Flobecq', 343);
INSERT INTO `gemeente` VALUES (312, 51065, 7, 'Frasnes-lez-Anvaing', 'Frasnes-lez-Anvaing', 1743);
INSERT INTO `gemeente` VALUES (313, 51067, 7, 'Edingen', 'Enghien', 1526);
INSERT INTO `gemeente` VALUES (314, 51068, 7, 'Opzullik', 'Silly', 981);
INSERT INTO `gemeente` VALUES (315, 51069, 7, 'Lessen', 'Lessines', 2011);
INSERT INTO `gemeente` VALUES (316, 52010, 7, 'Chapelle-lez-Herlaimont', 'Chapelle-lez-Herlaimont', 2641);
INSERT INTO `gemeente` VALUES (317, 52011, 7, 'Charleroi', 'Charleroi', 31961);
INSERT INTO `gemeente` VALUES (318, 52012, 7, 'Châtelet', 'Châtelet', 5665);
INSERT INTO `gemeente` VALUES (319, 52015, 7, 'Courcelles', 'Courcelles', 4866);
INSERT INTO `gemeente` VALUES (320, 52018, 7, 'Farciennes', 'Farciennes', 1722);
INSERT INTO `gemeente` VALUES (321, 52021, 7, 'Fleurus', 'Fleurus', 3710);
INSERT INTO `gemeente` VALUES (322, 52022, 7, 'Fontaine-l\'Evèque', 'Fontaine-l\'Evèque', 2997);
INSERT INTO `gemeente` VALUES (323, 52025, 7, 'Gerpinnes', 'Gerpinnes', 2157);
INSERT INTO `gemeente` VALUES (324, 52048, 7, 'Montigny-le-Tilleul', 'Montigny-le-Tilleul', 1640);
INSERT INTO `gemeente` VALUES (325, 52055, 7, 'Pont-à-Celles', 'Pont-à-Celles', 2654);
INSERT INTO `gemeente` VALUES (326, 52074, 7, 'Aiseau-Presles', 'Aiseau-Presles', 1860);
INSERT INTO `gemeente` VALUES (327, 52075, 7, 'Les Bons Villers', 'Les Bons Villers', 1375);
INSERT INTO `gemeente` VALUES (328, 53014, 7, 'Boussu', 'Boussu', 2650);
INSERT INTO `gemeente` VALUES (329, 53020, 7, 'Dour', 'Dour', 2147);
INSERT INTO `gemeente` VALUES (330, 53028, 7, 'Frameries', 'Frameries', 2938);
INSERT INTO `gemeente` VALUES (331, 53039, 7, 'Hensies', 'Hensies', 862);
INSERT INTO `gemeente` VALUES (332, 53044, 7, 'Jurbeke', 'Jurbise', 1341);
INSERT INTO `gemeente` VALUES (333, 53046, 7, 'Lens', 'Lens', 506);
INSERT INTO `gemeente` VALUES (334, 53053, 7, 'Bergen', 'Mons', 11654);
INSERT INTO `gemeente` VALUES (335, 53065, 7, 'Quaregnon', 'Quaregnon', 2665);
INSERT INTO `gemeente` VALUES (336, 53068, 7, 'Quiévrain', 'Quiévrain', 745);
INSERT INTO `gemeente` VALUES (337, 53070, 7, 'Saint-Ghislain', 'Saint-Ghislain', 3147);
INSERT INTO `gemeente` VALUES (338, 53082, 7, 'Colfontaine', 'Colfontaine', 2760);
INSERT INTO `gemeente` VALUES (339, 53083, 7, 'Honnelles', 'Honnelles', 602);
INSERT INTO `gemeente` VALUES (340, 53084, 7, 'Quévy', 'Quévy', 1095);
INSERT INTO `gemeente` VALUES (341, 55004, 7, '\'s Gravenbrakel', 'Braine-le-Comte', 2970);
INSERT INTO `gemeente` VALUES (342, 55035, 7, 'Le Roeulx', 'Le Roeulx', 1385);
INSERT INTO `gemeente` VALUES (343, 55040, 7, 'Zinnik', 'Soignies', 3899);
INSERT INTO `gemeente` VALUES (344, 55050, 7, 'Ecaussinnes', 'Ecaussinnes', 1630);
INSERT INTO `gemeente` VALUES (345, 55085, 7, 'Seneffe', 'Seneffe', 1681);
INSERT INTO `gemeente` VALUES (346, 55086, 7, 'Manage', 'Manage', 3716);
INSERT INTO `gemeente` VALUES (347, 56001, 7, 'Anderlues', 'Anderlues', 2122);
INSERT INTO `gemeente` VALUES (348, 56005, 7, 'Beaumont', 'Beaumont', 1175);
INSERT INTO `gemeente` VALUES (349, 56016, 7, 'Chimay', 'Chimay', 1333);
INSERT INTO `gemeente` VALUES (350, 56022, 7, 'Erquelinnes', 'Erquelinnes', 1494);
INSERT INTO `gemeente` VALUES (351, 56029, 7, 'Froidchapelle', 'Froidchapelle', 474);
INSERT INTO `gemeente` VALUES (352, 56044, 7, 'Lobbes', 'Lobbes', 991);
INSERT INTO `gemeente` VALUES (353, 56049, 7, 'Merbes-le-Château', 'Merbes-le-Château', 702);
INSERT INTO `gemeente` VALUES (354, 56051, 7, 'Momignies', 'Momignies', 704);
INSERT INTO `gemeente` VALUES (355, 56078, 7, 'Thuin', 'Thuin', 2206);
INSERT INTO `gemeente` VALUES (356, 56086, 7, 'Ham-sur-Heure-Nalinnes', 'Ham-sur-Heure-Nalinnes', 2404);
INSERT INTO `gemeente` VALUES (357, 56088, 7, 'Sivry-Rance', 'Sivry-Rance', 656);
INSERT INTO `gemeente` VALUES (358, 57003, 7, 'Antoing', 'Antoing', 1089);
INSERT INTO `gemeente` VALUES (359, 57018, 7, 'Celles (Doornik)', 'Celles (Tournai)', 879);
INSERT INTO `gemeente` VALUES (360, 57027, 7, 'Estaimpuis', 'Estaimpuis', 1275);
INSERT INTO `gemeente` VALUES (361, 57062, 7, 'Pecq', 'Pecq', 1018);
INSERT INTO `gemeente` VALUES (362, 57064, 7, 'Péruwelz', 'Péruwelz', 2537);
INSERT INTO `gemeente` VALUES (363, 57072, 7, 'Rumes', 'Rumes', 742);
INSERT INTO `gemeente` VALUES (364, 57081, 7, 'Doornik', 'Tournai', 9028);
INSERT INTO `gemeente` VALUES (365, 57093, 7, 'Brunehaut', 'Brunehaut', 1098);
INSERT INTO `gemeente` VALUES (366, 57094, 7, 'Leuze-en-Hainaut', 'Leuze-en-Hainaut', 1985);
INSERT INTO `gemeente` VALUES (367, 57095, 7, 'Mont-de-l\'Enclus', 'Mont-de-l\'Enclus', 494);
INSERT INTO `gemeente` VALUES (368, 57096, 7, 'Moeskroen', 'Mouscron', 8347);
INSERT INTO `gemeente` VALUES (369, 57097, 7, 'Komen-Waasten', 'Comines-Warneton', 2093);
INSERT INTO `gemeente` VALUES (370, 58001, 7, 'La Louvière', 'La Louvière', 13974);
INSERT INTO `gemeente` VALUES (371, 58002, 7, 'Binche', 'Binche', 6254);
INSERT INTO `gemeente` VALUES (372, 58003, 7, 'Estinnes', 'Estinnes', 1281);
INSERT INTO `gemeente` VALUES (373, 58004, 7, 'Morlanwelz', 'Morlanwelz', 3341);
INSERT INTO `gemeente` VALUES (374, 61003, 8, 'Amay', 'Amay', 2237);
INSERT INTO `gemeente` VALUES (375, 61010, 8, 'Burdinne', 'Burdinne', 582);
INSERT INTO `gemeente` VALUES (376, 61012, 8, 'Clavier', 'Clavier', 770);
INSERT INTO `gemeente` VALUES (377, 61019, 8, 'Ferrières', 'Ferrières', 816);
INSERT INTO `gemeente` VALUES (378, 61024, 8, 'Hamoir', 'Hamoir', 620);
INSERT INTO `gemeente` VALUES (379, 61028, 8, 'Héron', 'Héron', 922);
INSERT INTO `gemeente` VALUES (380, 61031, 8, 'Hoei', 'Huy', 3146);
INSERT INTO `gemeente` VALUES (381, 61039, 8, 'Marchin', 'Marchin', 890);
INSERT INTO `gemeente` VALUES (382, 61041, 8, 'Modave', 'Modave', 647);
INSERT INTO `gemeente` VALUES (383, 61043, 8, 'Nandrin', 'Nandrin', 1008);
INSERT INTO `gemeente` VALUES (384, 61048, 8, 'Ouffet', 'Ouffet', 469);
INSERT INTO `gemeente` VALUES (385, 61063, 8, 'Verlaine', 'Verlaine', 722);
INSERT INTO `gemeente` VALUES (386, 61068, 8, 'Villers-Le-Bouillet', 'Villers-Le-Bouillet', 1235);
INSERT INTO `gemeente` VALUES (387, 61072, 8, 'Wanze', 'Wanze', 2278);
INSERT INTO `gemeente` VALUES (388, 61079, 8, 'Anthisnes', 'Anthisnes', 650);
INSERT INTO `gemeente` VALUES (389, 61080, 8, 'Engis', 'Engis', 926);
INSERT INTO `gemeente` VALUES (390, 61081, 8, 'Tinlot', 'Tinlot', 499);
INSERT INTO `gemeente` VALUES (391, 62003, 8, 'Ans', 'Ans', 4907);
INSERT INTO `gemeente` VALUES (392, 62006, 8, 'Awans', 'Awans', 1570);
INSERT INTO `gemeente` VALUES (393, 62009, 8, 'Aywaille', 'Aywaille', 2049);
INSERT INTO `gemeente` VALUES (394, 62011, 8, 'Bitsingen', 'Bassenge', 1560);
INSERT INTO `gemeente` VALUES (395, 62015, 8, 'Beyne-Heusay', 'Beyne-Heusay', 1840);
INSERT INTO `gemeente` VALUES (396, 62022, 8, 'Chaudfontaine', 'Chaudfontaine', 3271);
INSERT INTO `gemeente` VALUES (397, 62026, 8, 'Comblain-au-Pont', 'Comblain-au-Pont', 847);
INSERT INTO `gemeente` VALUES (398, 62027, 8, 'Dalhem', 'Dalhem', 1328);
INSERT INTO `gemeente` VALUES (399, 62032, 8, 'Esneux', 'Esneux', 2060);
INSERT INTO `gemeente` VALUES (400, 62038, 8, 'Fléron', 'Fléron', 2445);
INSERT INTO `gemeente` VALUES (401, 62051, 8, 'Herstal', 'Herstal', 7474);
INSERT INTO `gemeente` VALUES (402, 62060, 8, 'Juprelle', 'Juprelle', 1875);
INSERT INTO `gemeente` VALUES (403, 62063, 8, 'Luik', 'Liège', 31001);
INSERT INTO `gemeente` VALUES (404, 62079, 8, 'Oupeye', 'Oupeye', 4422);
INSERT INTO `gemeente` VALUES (405, 62093, 8, 'Saint-Nicolas (Luik)', 'Saint-Nicolas (Liège)', 4446);
INSERT INTO `gemeente` VALUES (406, 62096, 8, 'Seraing', 'Seraing', 10396);
INSERT INTO `gemeente` VALUES (407, 62099, 8, 'Soumagne', 'Soumagne', 2857);
INSERT INTO `gemeente` VALUES (408, 62100, 8, 'Sprimont', 'Sprimont', 2778);
INSERT INTO `gemeente` VALUES (409, 62108, 8, 'Wezet', 'Visé', 3222);
INSERT INTO `gemeente` VALUES (410, 62118, 8, 'Grâce-Hollogne', 'Grâce-Hollogne', 4102);
INSERT INTO `gemeente` VALUES (411, 62119, 8, 'Blegny', 'Blegny', 2555);
INSERT INTO `gemeente` VALUES (412, 62120, 8, 'Flémalle', 'Flémalle', 4579);
INSERT INTO `gemeente` VALUES (413, 62121, 8, 'Neupré', 'Neupré', 1841);
INSERT INTO `gemeente` VALUES (414, 62122, 8, 'Trooz', 'Trooz', 1357);
INSERT INTO `gemeente` VALUES (415, 63001, 8, 'Amel', 'Amblève', 1151);
INSERT INTO `gemeente` VALUES (416, 63003, 8, 'Aubel', 'Aubel', 775);
INSERT INTO `gemeente` VALUES (417, 63004, 8, 'Baelen', 'Baelen', 622);
INSERT INTO `gemeente` VALUES (418, 63012, 8, 'Büllingen', 'Bullange', 898);
INSERT INTO `gemeente` VALUES (419, 63013, 8, 'Bütgenbach', 'Butgenbach', 1079);
INSERT INTO `gemeente` VALUES (420, 63020, 8, 'Dison', 'Dison', 2568);
INSERT INTO `gemeente` VALUES (421, 63023, 8, 'Eupen', 'Eupen', 2208);
INSERT INTO `gemeente` VALUES (422, 63035, 8, 'Herve', 'Herve', 3149);
INSERT INTO `gemeente` VALUES (423, 63038, 8, 'Jalhay', 'Jalhay', 1679);
INSERT INTO `gemeente` VALUES (424, 63040, 8, 'Kelmis', 'La Calamine', 924);
INSERT INTO `gemeente` VALUES (425, 63045, 8, 'Lierneux', 'Lierneux', 669);
INSERT INTO `gemeente` VALUES (426, 63046, 8, 'Limburg', 'Limbourg', 1057);
INSERT INTO `gemeente` VALUES (427, 63048, 8, 'Lontzen', 'Lontzen', 671);
INSERT INTO `gemeente` VALUES (428, 63049, 8, 'Malmedy', 'Malmedy', 2517);
INSERT INTO `gemeente` VALUES (429, 63057, 8, 'Olne', 'Olne', 574);
INSERT INTO `gemeente` VALUES (430, 63058, 8, 'Pepinster', 'Pepinster', 1761);
INSERT INTO `gemeente` VALUES (431, 63061, 8, 'Raeren', 'Raeren', 818);
INSERT INTO `gemeente` VALUES (432, 63067, 8, 'Sankt Vith', 'Saint-Vith', 1757);
INSERT INTO `gemeente` VALUES (433, 63072, 8, 'Spa', 'Spa', 1800);
INSERT INTO `gemeente` VALUES (434, 63073, 8, 'Stavelot', 'Stavelot', 1226);
INSERT INTO `gemeente` VALUES (435, 63075, 8, 'Stoumont', 'Stoumont', 500);
INSERT INTO `gemeente` VALUES (436, 63076, 8, 'Theux', 'Theux', 2055);
INSERT INTO `gemeente` VALUES (437, 63079, 8, 'Verviers', 'Verviers', 9330);
INSERT INTO `gemeente` VALUES (438, 63080, 8, 'Weismes', 'Waimes', 1604);
INSERT INTO `gemeente` VALUES (439, 63084, 8, 'Welkenraedt', 'Welkenraedt', 1502);
INSERT INTO `gemeente` VALUES (440, 63086, 8, 'Trois-Ponts', 'Trois-Ponts', 396);
INSERT INTO `gemeente` VALUES (441, 63087, 8, 'Burg-Reuland', 'Burg-Reuland', 635);
INSERT INTO `gemeente` VALUES (442, 63088, 8, 'Plombières', 'Plombières', 1576);
INSERT INTO `gemeente` VALUES (443, 63089, 8, 'Thimister-Clermont', 'Thimister-Clermont', 1038);
INSERT INTO `gemeente` VALUES (444, 64008, 8, 'Berloz', 'Berloz', 460);
INSERT INTO `gemeente` VALUES (445, 64015, 8, 'Braives', 'Braives', 1014);
INSERT INTO `gemeente` VALUES (446, 64021, 8, 'Crisnée', 'Crisnée', 578);
INSERT INTO `gemeente` VALUES (447, 64023, 8, 'Donceel', 'Donceel', 497);
INSERT INTO `gemeente` VALUES (448, 64025, 8, 'Fexhe-le-Haut-Clocher', 'Fexhe-le-Haut-Clocher', 486);
INSERT INTO `gemeente` VALUES (449, 64029, 8, 'Geer', 'Geer', 505);
INSERT INTO `gemeente` VALUES (450, 64034, 8, 'Hannuit', 'Hannut', 2484);
INSERT INTO `gemeente` VALUES (451, 64047, 8, 'Lijsem', 'Lincent', 514);
INSERT INTO `gemeente` VALUES (452, 64056, 8, 'Oerle', 'Oreye', 580);
INSERT INTO `gemeente` VALUES (453, 64063, 8, 'Remicourt', 'Remicourt', 999);
INSERT INTO `gemeente` VALUES (454, 64065, 8, 'Saint-Georges-sur-Meuse', 'Saint-Georges-sur-Meuse', 1154);
INSERT INTO `gemeente` VALUES (455, 64074, 8, 'Borgworm', 'Waremme', 2172);
INSERT INTO `gemeente` VALUES (456, 64075, 8, 'Wasseiges', 'Wasseiges', 493);
INSERT INTO `gemeente` VALUES (457, 64076, 8, 'Faimes', 'Faimes', 629);
INSERT INTO `gemeente` VALUES (458, 71002, 9, 'As', 'As', 846);
INSERT INTO `gemeente` VALUES (459, 71004, 9, 'Beringen', 'Beringen', 4643);
INSERT INTO `gemeente` VALUES (460, 71011, 9, 'Diepenbeek', 'Diepenbeek', 1584);
INSERT INTO `gemeente` VALUES (461, 71016, 9, 'Genk', 'Genk', 8881);
INSERT INTO `gemeente` VALUES (462, 71017, 9, 'Gingelom', 'Gingelom', 803);
INSERT INTO `gemeente` VALUES (463, 71020, 9, 'Halen', 'Halen', 770);
INSERT INTO `gemeente` VALUES (464, 71022, 9, 'Hasselt', 'Hasselt', 6949);
INSERT INTO `gemeente` VALUES (465, 71024, 9, 'Herk-de-Stad', 'Herck-la-Ville', 938);
INSERT INTO `gemeente` VALUES (466, 71034, 9, 'Leopoldsburg', 'Bourg-Léopold', 1649);
INSERT INTO `gemeente` VALUES (467, 71037, 9, 'Lummen', 'Lummen', 1066);
INSERT INTO `gemeente` VALUES (468, 71045, 9, 'Nieuwerkerken (Hasselt)', 'Nieuwerkerken (Hasselt)', 719);
INSERT INTO `gemeente` VALUES (469, 71053, 9, 'Sint-Truiden', 'Saint-Trond', 4116);
INSERT INTO `gemeente` VALUES (470, 71057, 9, 'Tessenderlo', 'Tessenderlo', 1584);
INSERT INTO `gemeente` VALUES (471, 71066, 9, 'Zonhoven', 'Zonhoven', 2018);
INSERT INTO `gemeente` VALUES (472, 71067, 9, 'Zutendaal', 'Zutendaal', 716);
INSERT INTO `gemeente` VALUES (473, 71069, 9, 'Ham', 'Ham', 987);
INSERT INTO `gemeente` VALUES (474, 71070, 9, 'Heusden-Zolder', 'Heusden-Zolder', 4185);
INSERT INTO `gemeente` VALUES (475, 72003, 9, 'Bocholt', 'Bocholt', 1375);
INSERT INTO `gemeente` VALUES (476, 72004, 9, 'Bree', 'Bree', 1574);
INSERT INTO `gemeente` VALUES (477, 72018, 9, 'Kinrooi', 'Kinrooi', 1295);
INSERT INTO `gemeente` VALUES (478, 72020, 9, 'Lommel', 'Lommel', 3728);
INSERT INTO `gemeente` VALUES (479, 72021, 9, 'Maaseik', 'Maaseik', 2764);
INSERT INTO `gemeente` VALUES (480, 72030, 9, 'Peer', 'Peer', 1485);
INSERT INTO `gemeente` VALUES (481, 72037, 9, 'Hamont-Achel', 'Hamont-Achel', 1539);
INSERT INTO `gemeente` VALUES (482, 72038, 9, 'Hechtel-Eksel', 'Hechtel-Eksel', 981);
INSERT INTO `gemeente` VALUES (483, 72039, 9, 'Houthalen-Helchteren', 'Houthalen-Helchteren', 3970);
INSERT INTO `gemeente` VALUES (484, 72041, 9, 'Dilsen-Stokkem', 'Dilsen-Stokkem', 2540);
INSERT INTO `gemeente` VALUES (485, 72042, 9, 'Oudsbergen', 'Oudsbergen', 2759);
INSERT INTO `gemeente` VALUES (486, 72043, 9, 'Pelt', 'Pelt', 3254);
INSERT INTO `gemeente` VALUES (487, 73001, 9, 'Alken', 'Alken', 998);
INSERT INTO `gemeente` VALUES (488, 73006, 9, 'Bilzen', 'Bilzen', 2996);
INSERT INTO `gemeente` VALUES (489, 73009, 9, 'Borgloon', 'Looz', 955);
INSERT INTO `gemeente` VALUES (490, 73022, 9, 'Heers', 'Heers', 664);
INSERT INTO `gemeente` VALUES (491, 73028, 9, 'Herstappe', 'Herstappe', 10);
INSERT INTO `gemeente` VALUES (492, 73032, 9, 'Hoeselt', 'Hoeselt', 997);
INSERT INTO `gemeente` VALUES (493, 73040, 9, 'Kortessem', 'Kortessem', 774);
INSERT INTO `gemeente` VALUES (494, 73042, 9, 'Lanaken', 'Lanaken', 2875);
INSERT INTO `gemeente` VALUES (495, 73066, 9, 'Riemst', 'Riemst', 1477);
INSERT INTO `gemeente` VALUES (496, 73083, 9, 'Tongeren', 'Tongres', 2773);
INSERT INTO `gemeente` VALUES (497, 73098, 9, 'Wellen', 'Wellen', 618);
INSERT INTO `gemeente` VALUES (498, 73107, 9, 'Maasmechelen', 'Maasmechelen', 5766);
INSERT INTO `gemeente` VALUES (499, 73109, 9, 'Voeren', 'Fourons', 574);
INSERT INTO `gemeente` VALUES (500, 81001, 10, 'Aarlen', 'Arlon', 3854);
INSERT INTO `gemeente` VALUES (501, 81003, 10, 'Attert', 'Attert', 740);
INSERT INTO `gemeente` VALUES (502, 81004, 10, 'Aubange', 'Aubange', 2070);
INSERT INTO `gemeente` VALUES (503, 81013, 10, 'Martelange', 'Martelange', 216);
INSERT INTO `gemeente` VALUES (504, 81015, 10, 'Messancy', 'Messancy', 1032);
INSERT INTO `gemeente` VALUES (505, 82003, 10, 'Bastenaken', 'Bastogne', 2735);
INSERT INTO `gemeente` VALUES (506, 82005, 10, 'Bertogne', 'Bertogne', 626);
INSERT INTO `gemeente` VALUES (507, 82009, 10, 'Fauvillers', 'Fauvillers', 385);
INSERT INTO `gemeente` VALUES (508, 82014, 10, 'Houffalize', 'Houffalize', 842);
INSERT INTO `gemeente` VALUES (509, 82032, 10, 'Vielsalm', 'Vielsalm', 1318);
INSERT INTO `gemeente` VALUES (510, 82036, 10, 'Vaux-sur-Süre', 'Vaux-sur-Süre', 1065);
INSERT INTO `gemeente` VALUES (511, 82037, 10, 'Gouvy', 'Gouvy', 807);
INSERT INTO `gemeente` VALUES (512, 82038, 10, 'Sainte-Ode', 'Sainte-Ode', 529);
INSERT INTO `gemeente` VALUES (513, 83012, 10, 'Durbuy', 'Durbuy', 1741);
INSERT INTO `gemeente` VALUES (514, 83013, 10, 'Erezée', 'Erezée', 444);
INSERT INTO `gemeente` VALUES (515, 83028, 10, 'Hotton', 'Hotton', 954);
INSERT INTO `gemeente` VALUES (516, 83031, 10, 'La Roche-en-Ardenne', 'La Roche-en-Ardenne', 621);
INSERT INTO `gemeente` VALUES (517, 83034, 10, 'Marche-en-Famenne', 'Marche-en-Famenne', 2977);
INSERT INTO `gemeente` VALUES (518, 83040, 10, 'Nassogne', 'Nassogne', 894);
INSERT INTO `gemeente` VALUES (519, 83044, 10, 'Rendeux', 'Rendeux', 328);
INSERT INTO `gemeente` VALUES (520, 83049, 10, 'Tenneville', 'Tenneville', 505);
INSERT INTO `gemeente` VALUES (521, 83055, 10, 'Manhay', 'Manhay', 596);
INSERT INTO `gemeente` VALUES (522, 84009, 10, 'Bertrix', 'Bertrix', 1291);
INSERT INTO `gemeente` VALUES (523, 84010, 10, 'Bouillon', 'Bouillon', 686);
INSERT INTO `gemeente` VALUES (524, 84016, 10, 'Daverdisse', 'Daverdisse', 206);
INSERT INTO `gemeente` VALUES (525, 84029, 10, 'Herbeumont', 'Herbeumont', 254);
INSERT INTO `gemeente` VALUES (526, 84033, 10, 'Léglise', 'Léglise', 797);
INSERT INTO `gemeente` VALUES (527, 84035, 10, 'Libin', 'Libin', 766);
INSERT INTO `gemeente` VALUES (528, 84043, 10, 'Neufchâteau', 'Neufchâteau', 1202);
INSERT INTO `gemeente` VALUES (529, 84050, 10, 'Paliseul', 'Paliseul', 793);
INSERT INTO `gemeente` VALUES (530, 84059, 10, 'Saint-Hubert', 'Saint-Hubert', 977);
INSERT INTO `gemeente` VALUES (531, 84068, 10, 'Tellin', 'Tellin', 517);
INSERT INTO `gemeente` VALUES (532, 84075, 10, 'Wellin', 'Wellin', 555);
INSERT INTO `gemeente` VALUES (533, 84077, 10, 'Libramont-Chevigny', 'Libramont-Chevigny', 1860);
INSERT INTO `gemeente` VALUES (534, 85007, 10, 'Chiny', 'Chiny', 674);
INSERT INTO `gemeente` VALUES (535, 85009, 10, 'Etalle', 'Etalle', 715);
INSERT INTO `gemeente` VALUES (536, 85011, 10, 'Florenville', 'Florenville', 668);
INSERT INTO `gemeente` VALUES (537, 85024, 10, 'Meix-devant-Virton', 'Meix-devant-Virton', 351);
INSERT INTO `gemeente` VALUES (538, 85026, 10, 'Musson', 'Musson', 567);
INSERT INTO `gemeente` VALUES (539, 85034, 10, 'Saint-Léger (Virton)', 'Saint-Léger (Virton)', 492);
INSERT INTO `gemeente` VALUES (540, 85039, 10, 'Tintigny', 'Tintigny', 641);
INSERT INTO `gemeente` VALUES (541, 85045, 10, 'Virton', 'Virton', 1356);
INSERT INTO `gemeente` VALUES (542, 85046, 10, 'Habay', 'Habay', 1184);
INSERT INTO `gemeente` VALUES (543, 85047, 10, 'Rouvroy', 'Rouvroy', 278);
INSERT INTO `gemeente` VALUES (544, 91005, 11, 'Anhée', 'Anhée', 1073);
INSERT INTO `gemeente` VALUES (545, 91013, 11, 'Beauraing', 'Beauraing', 1435);
INSERT INTO `gemeente` VALUES (546, 91015, 11, 'Bièvre', 'Bièvre', 447);
INSERT INTO `gemeente` VALUES (547, 91030, 11, 'Ciney', 'Ciney', 2689);
INSERT INTO `gemeente` VALUES (548, 91034, 11, 'Dinant', 'Dinant', 1839);
INSERT INTO `gemeente` VALUES (549, 91054, 11, 'Gedinne', 'Gedinne', 650);
INSERT INTO `gemeente` VALUES (550, 91059, 11, 'Hamois', 'Hamois', 1358);
INSERT INTO `gemeente` VALUES (551, 91064, 11, 'Havelange', 'Havelange', 899);
INSERT INTO `gemeente` VALUES (552, 91072, 11, 'Houyet', 'Houyet', 748);
INSERT INTO `gemeente` VALUES (553, 91103, 11, 'Onhaye', 'Onhaye', 449);
INSERT INTO `gemeente` VALUES (554, 91114, 11, 'Rochefort', 'Rochefort', 2121);
INSERT INTO `gemeente` VALUES (555, 91120, 11, 'Somme-Leuze', 'Somme-Leuze', 935);
INSERT INTO `gemeente` VALUES (556, 91141, 11, 'Yvoir', 'Yvoir', 1512);
INSERT INTO `gemeente` VALUES (557, 91142, 11, 'Hastière', 'Hastière', 670);
INSERT INTO `gemeente` VALUES (558, 91143, 11, 'Vresse-sur-Semois', 'Vresse-sur-Semois', 317);
INSERT INTO `gemeente` VALUES (559, 92003, 11, 'Andenne', 'Andenne', 4679);
INSERT INTO `gemeente` VALUES (560, 92006, 11, 'Assesse', 'Assesse', 1162);
INSERT INTO `gemeente` VALUES (561, 92035, 11, 'Eghezée', 'Eghezée', 2413);
INSERT INTO `gemeente` VALUES (562, 92045, 11, 'Floreffe', 'Floreffe', 1289);
INSERT INTO `gemeente` VALUES (563, 92048, 11, 'Fosses-la-Ville', 'Fosses-la-Ville', 1728);
INSERT INTO `gemeente` VALUES (564, 92054, 11, 'Gesves', 'Gesves', 1103);
INSERT INTO `gemeente` VALUES (565, 92087, 11, 'Mettet', 'Mettet', 2200);
INSERT INTO `gemeente` VALUES (566, 92094, 11, 'Namen', 'Namur', 16819);
INSERT INTO `gemeente` VALUES (567, 92097, 11, 'Ohey', 'Ohey', 844);
INSERT INTO `gemeente` VALUES (568, 92101, 11, 'Profondeville', 'Profondeville', 1834);
INSERT INTO `gemeente` VALUES (569, 92114, 11, 'Sombreffe', 'Sombreffe', 1410);
INSERT INTO `gemeente` VALUES (570, 92137, 11, 'Sambreville', 'Sambreville', 4890);
INSERT INTO `gemeente` VALUES (571, 92138, 11, 'Fernelmont', 'Fernelmont', 1299);
INSERT INTO `gemeente` VALUES (572, 92140, 11, 'Jemeppe-sur-Sambre', 'Jemeppe-sur-Sambre', 3047);
INSERT INTO `gemeente` VALUES (573, 92141, 11, 'La Bruyère', 'La Bruyère', 1579);
INSERT INTO `gemeente` VALUES (574, 92142, 11, 'Gembloux', 'Gembloux', 3891);
INSERT INTO `gemeente` VALUES (575, 93010, 11, 'Cerfontaine', 'Cerfontaine', 636);
INSERT INTO `gemeente` VALUES (576, 93014, 11, 'Couvin', 'Couvin', 2100);
INSERT INTO `gemeente` VALUES (577, 93018, 11, 'Doische', 'Doische', 412);
INSERT INTO `gemeente` VALUES (578, 93022, 11, 'Florennes', 'Florennes', 1793);
INSERT INTO `gemeente` VALUES (579, 93056, 11, 'Philippeville', 'Philippeville', 1503);
INSERT INTO `gemeente` VALUES (580, 93088, 11, 'Walcourt', 'Walcourt', 2726);
INSERT INTO `gemeente` VALUES (581, 93090, 11, 'Viroinval', 'Viroinval', 642);

-- ----------------------------
-- Table structure for provincie
-- ----------------------------
DROP TABLE IF EXISTS `provincie`;
CREATE TABLE `provincie`  (
  `prv_id` int NOT NULL AUTO_INCREMENT,
  `prv_reg_id` int NOT NULL,
  `prv_naam` varchar(255) CHARACTER SET utf8mb4 COLLATE utf8mb4_general_ci NULL DEFAULT NULL,
  PRIMARY KEY (`prv_id`, `prv_reg_id`) USING BTREE
) ENGINE = InnoDB AUTO_INCREMENT = 12 CHARACTER SET = utf8mb4 COLLATE = utf8mb4_general_ci ROW_FORMAT = Dynamic;

-- ----------------------------
-- Records of provincie
-- ----------------------------
INSERT INTO `provincie` VALUES (1, 1, 'Antwerpen');
INSERT INTO `provincie` VALUES (2, 3, 'Brussels');
INSERT INTO `provincie` VALUES (3, 1, 'VlaamsBrabant');
INSERT INTO `provincie` VALUES (4, 2, 'BrabantWallon');
INSERT INTO `provincie` VALUES (5, 1, 'WestVlaanderen');
INSERT INTO `provincie` VALUES (6, 1, 'OostVlaanderen');
INSERT INTO `provincie` VALUES (7, 2, 'Hainaut');
INSERT INTO `provincie` VALUES (8, 2, 'Liège');
INSERT INTO `provincie` VALUES (9, 1, 'Limburg');
INSERT INTO `provincie` VALUES (10, 2, 'Luxembourg');
INSERT INTO `provincie` VALUES (11, 2, 'Namur');

-- ----------------------------
-- Table structure for regio
-- ----------------------------
DROP TABLE IF EXISTS `regio`;
CREATE TABLE `regio`  (
  `reg_id` int NOT NULL AUTO_INCREMENT,
  `reg_name` varchar(255) CHARACTER SET utf8mb4 COLLATE utf8mb4_general_ci NULL DEFAULT NULL,
  PRIMARY KEY (`reg_id`) USING BTREE
) ENGINE = InnoDB AUTO_INCREMENT = 4 CHARACTER SET = utf8mb4 COLLATE = utf8mb4_general_ci ROW_FORMAT = Dynamic;

-- ----------------------------
-- Records of regio
-- ----------------------------
INSERT INTO `regio` VALUES (1, 'Flanders');
INSERT INTO `regio` VALUES (2, 'Wallonia');
INSERT INTO `regio` VALUES (3, 'Brussels');

SET FOREIGN_KEY_CHECKS = 1;
